Top pages,Clicks,Impressions,CTR,Position
https://awesomecopy.app/,384,1641,23.4%,2.8
https://awesomecopy.app/release-notes,5,103,4.85%,8.36
https://awesomecopy.app/blog/how-nspasteboard-works.html,2,670,0.3%,6.72
https://awesomecopy.app/troubleshooting.html,2,31,6.45%,4.19
https://awesomecopy.app/blog.html,1,220,0.45%,3.71
https://awesomecopy.app/blog/how-nspasteboard-works,0,232,0%,9.4
https://awesomecopy.app/#faq,0,189,0%,2.84
https://awesomecopy.app/#features,0,189,0%,2.84
https://awesomecopy.app/pricing.html,0,102,0%,2.2
https://awesomecopy.app/support,0,97,0%,9.73
https://awesomecopy.app/#pricing,0,91,0%,3.71
https://awesomecopy.app/release-notes.html,0,60,0%,7.32
https://awesomecopy.app/blog/clipboard-trust.html,0,43,0%,10.56
https://awesomecopy.app/crash-reports.html,0,41,0%,39.1
https://awesomecopy.app/blog/quick-paste-window,0,32,0%,20.28
https://awesomecopy.app/blog/quick-paste-window.html,0,26,0%,7.96
https://awesomecopy.app/privacy.html,0,23,0%,5.74
https://awesomecopy.app/blog/clipboard-security.html,0,22,0%,7.91
https://awesomecopy.app/blog,0,20,0%,7.6
https://awesomecopy.app/support.html,0,18,0%,4.83
https://awesomecopy.app/icloud-troubleshooting,0,16,0%,42.38
https://awesomecopy.app/troubleshooting/reset-settings,0,11,0%,7.91
https://awesomecopy.app/troubleshooting,0,10,0%,13
https://awesomecopy.app/pricing,0,9,0%,2.78
https://awesomecopy.app/troubleshooting/reset-settings.html,0,6,0%,6
https://awesomecopy.app/terms,0,4,0%,2
https://awesomecopy.app/icloud-troubleshooting.html,0,4,0%,19.5
https://awesomecopy.app/blog/collection-view.html,0,2,0%,27.5
https://awesomecopy.app/images/card list with background.png,0,1,0%,15